Close,Date
3934.38,2022-12-09
3963.51,2022-12-08
3933.92,2022-12-07
3941.26,2022-12-06
3998.84,2022-12-05
4071.7,2022-12-02
4076.57,2022-12-01
4080.11,2022-11-30
3957.63,2022-11-29
3963.94,2022-11-28
4026.12,2022-11-25
4027.26,2022-11-23
4003.58,2022-11-22
3949.94,2022-11-21
3965.34,2022-11-18
3946.56,2022-11-17
3958.79,2022-11-16
3991.73,2022-11-15
3957.25,2022-11-14
3992.93,2022-11-11
3956.37,2022-11-10
3748.57,2022-11-09
3828.11,2022-11-08
3806.8,2022-11-07
3770.55,2022-11-04
3719.89,2022-11-03
3759.69,2022-11-02
3856.1,2022-11-01
3871.98,2022-10-31
3901.06,2022-10-28
3807.3,2022-10-27
3830.6,2022-10-26
3859.11,2022-10-25
3797.34,2022-10-24
3752.75,2022-10-21
3665.78,2022-10-20
3695.16,2022-10-19
3719.98,2022-10-18
3677.95,2022-10-17
3583.07,2022-10-14
3669.91,2022-10-13
3577.03,2022-10-12
3588.84,2022-10-11
3612.39,2022-10-10
3639.66,2022-10-07
3744.52,2022-10-06
3783.28,2022-10-05
3790.93,2022-10-04
3678.43,2022-10-03
3585.62,2022-09-30
3640.47,2022-09-29
3719.04,2022-09-28
3647.29,2022-09-27
3655.04,2022-09-26
3693.23,2022-09-23
3757.99,2022-09-22
3789.93,2022-09-21
3855.93,2022-09-20
3899.89,2022-09-19
3873.33,2022-09-16
3901.35,2022-09-15
3946.01,2022-09-14
3932.69,2022-09-13
4110.41,2022-09-12
4067.36,2022-09-09
4006.18,2022-09-08
3979.87,2022-09-07
3908.19,2022-09-06
3924.26,2022-09-02
3966.85,2022-09-01
3955.0,2022-08-31
3986.16,2022-08-30
4030.61,2022-08-29
4057.66,2022-08-26
4199.12,2022-08-25
4140.77,2022-08-24
4128.73,2022-08-23
4137.99,2022-08-22
4228.48,2022-08-19
4283.74,2022-08-18
4274.04,2022-08-17
4305.2,2022-08-16
4297.14,2022-08-15
4280.15,2022-08-12
4207.27,2022-08-11
4210.24,2022-08-10
4122.47,2022-08-09
4140.06,2022-08-08
4145.19,2022-08-05
4151.94,2022-08-04
4155.17,2022-08-03
4091.19,2022-08-02
4118.63,2022-08-01
4130.29,2022-07-29
4072.43,2022-07-28
4023.61,2022-07-27
3921.05,2022-07-26
3966.84,2022-07-25
3961.63,2022-07-22
3998.95,2022-07-21
3959.9,2022-07-20
3936.69,2022-07-19
3830.85,2022-07-18
3863.16,2022-07-15
3790.38,2022-07-14
3801.78,2022-07-13
3818.8,2022-07-12
3854.43,2022-07-11
3899.38,2022-07-08
3902.62,2022-07-07
3845.08,2022-07-06
3831.39,2022-07-05
3825.33,2022-07-01
3785.38,2022-06-30
3818.83,2022-06-29
3821.55,2022-06-28
3900.11,2022-06-27
3911.74,2022-06-24
3795.73,2022-06-23
3759.89,2022-06-22
3764.79,2022-06-21
3674.84,2022-06-17
3666.77,2022-06-16
3789.99,2022-06-15
3735.48,2022-06-14
3749.63,2022-06-13
3900.86,2022-06-10
4017.82,2022-06-09
4115.77,2022-06-08
4160.68,2022-06-07
4121.43,2022-06-06
4108.54,2022-06-03
4176.82,2022-06-02
4101.23,2022-06-01
4132.15,2022-05-31
4158.24,2022-05-27
4057.84,2022-05-26
3978.73,2022-05-25
3941.48,2022-05-24
3973.75,2022-05-23
3901.36,2022-05-20
3900.79,2022-05-19
3923.68,2022-05-18
4088.85,2022-05-17
4008.01,2022-05-16
4023.89,2022-05-13
3930.08,2022-05-12
3935.18,2022-05-11
4001.05,2022-05-10
3991.24,2022-05-09
4123.34,2022-05-06
4146.87,2022-05-05
4300.17,2022-05-04
4175.48,2022-05-03
4155.38,2022-05-02
4131.93,2022-04-29
4287.5,2022-04-28
4183.96,2022-04-27
4175.2,2022-04-26
4296.12,2022-04-25
4271.78,2022-04-22
4393.66,2022-04-21
4459.45,2022-04-20
4462.21,2022-04-19
4391.69,2022-04-18
4392.59,2022-04-14
4446.59,2022-04-13
4397.45,2022-04-12
4412.53,2022-04-11
4488.28,2022-04-08
4500.21,2022-04-07
4481.15,2022-04-06
4525.12,2022-04-05
4582.64,2022-04-04
4545.86,2022-04-01
4530.41,2022-03-31
4602.45,2022-03-30
4631.6,2022-03-29
4575.52,2022-03-28
4543.06,2022-03-25
4520.16,2022-03-24
4456.24,2022-03-23
4511.61,2022-03-22
4461.18,2022-03-21
4463.12,2022-03-18
4411.67,2022-03-17
4357.86,2022-03-16
4262.45,2022-03-15
4173.11,2022-03-14
4204.31,2022-03-11
4259.52,2022-03-10
4277.88,2022-03-09
4170.7,2022-03-08
4201.09,2022-03-07
4328.87,2022-03-04
4363.49,2022-03-03
4386.54,2022-03-02
4306.26,2022-03-01
4373.94,2022-02-28
4384.65,2022-02-25
4288.7,2022-02-24
4225.5,2022-02-23
4304.76,2022-02-22
4348.87,2022-02-18
4380.26,2022-02-17
4475.01,2022-02-16
4471.07,2022-02-15
4401.67,2022-02-14
4418.64,2022-02-11
4504.08,2022-02-10
4587.18,2022-02-09
4521.54,2022-02-08
4483.87,2022-02-07
4500.53,2022-02-04
4477.44,2022-02-03
4589.38,2022-02-02
4546.54,2022-02-01
4515.55,2022-01-31
4431.85,2022-01-28
4326.51,2022-01-27
4349.93,2022-01-26
4356.45,2022-01-25
4410.13,2022-01-24
4397.94,2022-01-21
4482.73,2022-01-20
4532.76,2022-01-19
4577.11,2022-01-18
4662.85,2022-01-14
4659.03,2022-01-13
4726.35,2022-01-12
4713.07,2022-01-11
4670.29,2022-01-10
4677.03,2022-01-07
4696.05,2022-01-06
4700.58,2022-01-05
4793.54,2022-01-04
4796.56,2022-01-03
4766.18,2021-12-31
4778.73,2021-12-30
4793.06,2021-12-29
4786.35,2021-12-28
4791.19,2021-12-27
4725.79,2021-12-23
4696.56,2021-12-22
4649.23,2021-12-21
4568.02,2021-12-20
4620.64,2021-12-17
4668.67,2021-12-16
4709.85,2021-12-15
4634.09,2021-12-14
4668.97,2021-12-13
4712.02,2021-12-10
4667.45,2021-12-09
4701.21,2021-12-08
4686.75,2021-12-07
4591.67,2021-12-06
4538.43,2021-12-03
4577.1,2021-12-02
4513.04,2021-12-01
4567.0,2021-11-30
4655.27,2021-11-29
4594.62,2021-11-26
4701.46,2021-11-24
4690.7,2021-11-23
4682.94,2021-11-22
4697.96,2021-11-19
4704.54,2021-11-18
4688.67,2021-11-17
4700.9,2021-11-16
4682.8,2021-11-15
4682.85,2021-11-12
4649.27,2021-11-11
4646.71,2021-11-10
4685.25,2021-11-09
4701.7,2021-11-08
4697.53,2021-11-05
4680.06,2021-11-04
4660.57,2021-11-03
4630.65,2021-11-02
4613.67,2021-11-01
4605.38,2021-10-29
4596.42,2021-10-28
4551.68,2021-10-27
4574.79,2021-10-26
4566.48,2021-10-25
4544.9,2021-10-22
4549.78,2021-10-21
4536.19,2021-10-20
4519.63,2021-10-19
4486.46,2021-10-18
4471.37,2021-10-15
4438.26,2021-10-14
4363.8,2021-10-13
4350.65,2021-10-12
4361.19,2021-10-11
4391.34,2021-10-08
4399.76,2021-10-07
4363.55,2021-10-06
4345.72,2021-10-05
4300.46,2021-10-04
4357.04,2021-10-01
4307.54,2021-09-30
4359.46,2021-09-29
4352.63,2021-09-28
4443.11,2021-09-27
4455.48,2021-09-24
4448.98,2021-09-23
4395.64,2021-09-22
4354.19,2021-09-21
4357.73,2021-09-20
4432.99,2021-09-17
4473.75,2021-09-16
4480.7,2021-09-15
4443.05,2021-09-14
4468.73,2021-09-13
4458.58,2021-09-10
4493.28,2021-09-09
4514.07,2021-09-08
4520.03,2021-09-07
4535.43,2021-09-03
4536.95,2021-09-02
4524.09,2021-09-01
4522.68,2021-08-31
4528.79,2021-08-30
4509.37,2021-08-27
4470.0,2021-08-26
4496.19,2021-08-25
4486.23,2021-08-24
4479.53,2021-08-23
4441.67,2021-08-20
4405.8,2021-08-19
4400.27,2021-08-18
4448.08,2021-08-17
4479.71,2021-08-16
4468.0,2021-08-13
4460.83,2021-08-12
4447.7,2021-08-11
4436.75,2021-08-10
4432.35,2021-08-09
4436.52,2021-08-06
4429.1,2021-08-05
4402.66,2021-08-04
4423.15,2021-08-03
4387.16,2021-08-02
4395.26,2021-07-30
4419.15,2021-07-29
4400.64,2021-07-28
4401.46,2021-07-27
4422.3,2021-07-26
4411.79,2021-07-23
4367.48,2021-07-22
4358.69,2021-07-21
4323.06,2021-07-20
4258.49,2021-07-19
4327.16,2021-07-16
4360.03,2021-07-15
4374.3,2021-07-14
4369.21,2021-07-13
4384.63,2021-07-12
4369.55,2021-07-09
4320.82,2021-07-08
4358.13,2021-07-07
4343.54,2021-07-06
4352.34,2021-07-02
4319.94,2021-07-01
4297.5,2021-06-30
4291.8,2021-06-29
4290.61,2021-06-28
4280.7,2021-06-25
4266.49,2021-06-24
4241.84,2021-06-23
4246.44,2021-06-22
4224.79,2021-06-21
4166.45,2021-06-18
4221.86,2021-06-17
4223.7,2021-06-16
4246.59,2021-06-15
4255.15,2021-06-14
4247.44,2021-06-11
4239.18,2021-06-10
4219.55,2021-06-09
4227.26,2021-06-08
4226.52,2021-06-07
4229.89,2021-06-04
4192.85,2021-06-03
4208.12,2021-06-02
4202.04,2021-06-01
4204.11,2021-05-28
4200.88,2021-05-27
4195.99,2021-05-26
4188.13,2021-05-25
4197.05,2021-05-24
4155.86,2021-05-21
4159.12,2021-05-20
4115.68,2021-05-19
4127.83,2021-05-18
4163.29,2021-05-17
4173.85,2021-05-14
4112.5,2021-05-13
4063.04,2021-05-12
4152.1,2021-05-11
4188.43,2021-05-10
4232.6,2021-05-07
4201.62,2021-05-06
4167.59,2021-05-05
4164.66,2021-05-04
4192.66,2021-05-03
4181.17,2021-04-30
4211.47,2021-04-29
4183.18,2021-04-28
4186.72,2021-04-27
4187.62,2021-04-26
4180.17,2021-04-23
4134.98,2021-04-22
4173.42,2021-04-21
4134.94,2021-04-20
4163.26,2021-04-19
4185.47,2021-04-16
4170.42,2021-04-15
4124.66,2021-04-14
4141.59,2021-04-13
4127.99,2021-04-12
4128.8,2021-04-09
4097.17,2021-04-08
4079.95,2021-04-07
4073.94,2021-04-06
4077.91,2021-04-05
4019.87,2021-04-01
3972.89,2021-03-31
3958.55,2021-03-30
3971.09,2021-03-29
3974.54,2021-03-26
3909.52,2021-03-25
3889.14,2021-03-24
3910.52,2021-03-23
3940.59,2021-03-22
3913.1,2021-03-19
3915.46,2021-03-18
3974.12,2021-03-17
3962.71,2021-03-16
3968.94,2021-03-15
3943.34,2021-03-12
3939.34,2021-03-11
3898.81,2021-03-10
3875.44,2021-03-09
3821.35,2021-03-08
3841.94,2021-03-05
3768.47,2021-03-04
3819.72,2021-03-03
3870.29,2021-03-02
3901.82,2021-03-01
3811.15,2021-02-26
3829.34,2021-02-25
3925.43,2021-02-24
3881.37,2021-02-23
3876.5,2021-02-22
3906.71,2021-02-19
3913.97,2021-02-18
3931.33,2021-02-17
3932.59,2021-02-16
3934.83,2021-02-12
3916.38,2021-02-11
3909.88,2021-02-10
3911.23,2021-02-09
3915.59,2021-02-08
3886.83,2021-02-05
3871.74,2021-02-04
3830.17,2021-02-03
3826.31,2021-02-02
3773.86,2021-02-01
3714.24,2021-01-29
3787.38,2021-01-28
3750.77,2021-01-27
3849.62,2021-01-26
3855.36,2021-01-25
3841.47,2021-01-22
3853.07,2021-01-21
3851.85,2021-01-20
3798.91,2021-01-19
3768.25,2021-01-15
3795.54,2021-01-14
3809.84,2021-01-13
3801.19,2021-01-12
3799.61,2021-01-11
3824.68,2021-01-08
3803.79,2021-01-07
3748.14,2021-01-06
3726.86,2021-01-05
3700.65,2021-01-04
3756.07,2020-12-31
3732.04,2020-12-30
3727.04,2020-12-29
3735.36,2020-12-28
3703.06,2020-12-24
3690.01,2020-12-23
3687.26,2020-12-22
3694.92,2020-12-21
3709.41,2020-12-18
3722.48,2020-12-17
3701.17,2020-12-16
3694.62,2020-12-15
3647.49,2020-12-14
3663.46,2020-12-11
3668.1,2020-12-10
3672.82,2020-12-09
3702.25,2020-12-08
3691.96,2020-12-07
3699.12,2020-12-04
3666.72,2020-12-03
3669.01,2020-12-02
3662.45,2020-12-01
3621.63,2020-11-30
3638.35,2020-11-27
3629.65,2020-11-25
3635.41,2020-11-24
3577.59,2020-11-23
3557.54,2020-11-20
3581.87,2020-11-19
3567.79,2020-11-18
3609.53,2020-11-17
3626.91,2020-11-16
3585.15,2020-11-13
3537.01,2020-11-12
3572.66,2020-11-11
3545.53,2020-11-10
3550.5,2020-11-09
3509.44,2020-11-06
3510.45,2020-11-05
3443.44,2020-11-04
3369.02,2020-11-03
3310.24,2020-11-02
3269.96,2020-10-30
3310.11,2020-10-29
3271.03,2020-10-28
3390.68,2020-10-27
3400.97,2020-10-26
3465.39,2020-10-23
3453.49,2020-10-22
3435.56,2020-10-21
3443.12,2020-10-20
3426.92,2020-10-19
3483.81,2020-10-16
3483.34,2020-10-15
3488.67,2020-10-14
3511.93,2020-10-13
3534.22,2020-10-12
3477.13,2020-10-09
3446.83,2020-10-08
3419.45,2020-10-07
3360.95,2020-10-06
3408.63,2020-10-05
3348.44,2020-10-02
3380.8,2020-10-01
3363.0,2020-09-30
3335.47,2020-09-29
3351.6,2020-09-28
3298.46,2020-09-25
3246.59,2020-09-24
3236.92,2020-09-23
3315.57,2020-09-22
3281.06,2020-09-21
3319.47,2020-09-18
3357.01,2020-09-17
3385.49,2020-09-16
3401.2,2020-09-15
3383.54,2020-09-14
3340.97,2020-09-11
3339.19,2020-09-10
3398.96,2020-09-09
3331.84,2020-09-08
3426.96,2020-09-04
3455.06,2020-09-03
3580.84,2020-09-02
3526.65,2020-09-01
3500.31,2020-08-31
3508.01,2020-08-28
3484.55,2020-08-27
3478.73,2020-08-26
3443.62,2020-08-25
3431.28,2020-08-24
3397.16,2020-08-21
3385.51,2020-08-20
3374.85,2020-08-19
3389.78,2020-08-18
3381.99,2020-08-17
3372.85,2020-08-14
3373.43,2020-08-13
3380.35,2020-08-12
3333.69,2020-08-11
3360.47,2020-08-10
3351.28,2020-08-07
3349.16,2020-08-06
3327.77,2020-08-05
3306.51,2020-08-04
3294.61,2020-08-03
3271.12,2020-07-31
3246.22,2020-07-30
3258.44,2020-07-29
3218.44,2020-07-28
3239.41,2020-07-27
3215.63,2020-07-24
3235.66,2020-07-23
3276.02,2020-07-22
3257.3,2020-07-21
3251.84,2020-07-20
3224.73,2020-07-17
3215.57,2020-07-16
3226.56,2020-07-15
3197.52,2020-07-14
3155.22,2020-07-13
3185.04,2020-07-10
3152.05,2020-07-09
3169.94,2020-07-08
3145.32,2020-07-07
3179.72,2020-07-06
3130.01,2020-07-02
3115.86,2020-07-01
3100.29,2020-06-30
3053.24,2020-06-29
3009.05,2020-06-26
3083.76,2020-06-25
3050.33,2020-06-24
3131.29,2020-06-23
3117.86,2020-06-22
3097.74,2020-06-19
3115.34,2020-06-18
3113.49,2020-06-17
3124.74,2020-06-16
3066.59,2020-06-15
3041.31,2020-06-12
3002.1,2020-06-11
3190.14,2020-06-10
3207.18,2020-06-09
3232.39,2020-06-08
3193.93,2020-06-05
3112.35,2020-06-04
3122.87,2020-06-03
3080.82,2020-06-02
3055.73,2020-06-01
3044.31,2020-05-29
3029.73,2020-05-28
3036.13,2020-05-27
2991.77,2020-05-26
2955.45,2020-05-22
2948.51,2020-05-21
2971.61,2020-05-20
2922.94,2020-05-19
2953.91,2020-05-18
2863.7,2020-05-15
2852.5,2020-05-14
2820.0,2020-05-13
2870.12,2020-05-12
2930.32,2020-05-11
2929.8,2020-05-08
2881.19,2020-05-07
2848.42,2020-05-06
2868.44,2020-05-05
2842.74,2020-05-04
2830.71,2020-05-01
2912.43,2020-04-30
2939.51,2020-04-29
2863.39,2020-04-28
2878.48,2020-04-27
2836.74,2020-04-24
2797.8,2020-04-23
2799.31,2020-04-22
2736.56,2020-04-21
2823.16,2020-04-20
2874.56,2020-04-17
2799.55,2020-04-16
2783.36,2020-04-15
2846.06,2020-04-14
2761.63,2020-04-13
2789.82,2020-04-09
2749.98,2020-04-08
2659.41,2020-04-07
2663.68,2020-04-06
2488.65,2020-04-03
2526.9,2020-04-02
2470.5,2020-04-01
2584.59,2020-03-31
2626.65,2020-03-30
2541.47,2020-03-27
2630.07,2020-03-26
2475.56,2020-03-25
2447.33,2020-03-24
2237.4,2020-03-23
2304.92,2020-03-20
2409.39,2020-03-19
2398.1,2020-03-18
2529.19,2020-03-17
2386.13,2020-03-16
2711.02,2020-03-13
2480.64,2020-03-12
2741.38,2020-03-11
2882.23,2020-03-10
2746.56,2020-03-09
2972.37,2020-03-06
3023.94,2020-03-05
3130.12,2020-03-04
3003.37,2020-03-03
3090.23,2020-03-02
2954.22,2020-02-28
2978.76,2020-02-27
3116.39,2020-02-26
3128.21,2020-02-25
3225.89,2020-02-24
3337.75,2020-02-21
3373.23,2020-02-20
3386.15,2020-02-19
3370.29,2020-02-18
3380.16,2020-02-14
3373.94,2020-02-13
3379.45,2020-02-12
3357.75,2020-02-11
3352.09,2020-02-10
3327.71,2020-02-07
3345.78,2020-02-06
3334.69,2020-02-05
3297.59,2020-02-04
3248.92,2020-02-03
3225.52,2020-01-31
3283.66,2020-01-30
3273.4,2020-01-29
3276.24,2020-01-28
3243.63,2020-01-27
3295.47,2020-01-24
3325.54,2020-01-23
3321.75,2020-01-22
3320.79,2020-01-21
3329.62,2020-01-17
3316.81,2020-01-16
3289.29,2020-01-15
3283.15,2020-01-14
3288.13,2020-01-13
3265.35,2020-01-10
3274.7,2020-01-09
3253.05,2020-01-08
3237.18,2020-01-07
3246.28,2020-01-06
3234.85,2020-01-03
3257.85,2020-01-02
3230.78,2019-12-31
3221.29,2019-12-30
3240.02,2019-12-27
3239.91,2019-12-26
3223.38,2019-12-24
3224.01,2019-12-23
3221.22,2019-12-20
3205.37,2019-12-19
3191.14,2019-12-18
3192.52,2019-12-17
3191.45,2019-12-16
3168.8,2019-12-13
3168.57,2019-12-12
3141.63,2019-12-11
3132.52,2019-12-10
3135.96,2019-12-09
3145.91,2019-12-06
3117.43,2019-12-05
3112.76,2019-12-04
3093.2,2019-12-03
3113.87,2019-12-02
3140.98,2019-11-29
3153.63,2019-11-27
3140.52,2019-11-26
3133.64,2019-11-25
3110.29,2019-11-22
3103.54,2019-11-21
3108.46,2019-11-20
3120.18,2019-11-19
3122.03,2019-11-18
3120.46,2019-11-15
3096.63,2019-11-14
3094.04,2019-11-13
3091.84,2019-11-12
3087.01,2019-11-11
3093.08,2019-11-08
3085.18,2019-11-07
3076.78,2019-11-06
3074.62,2019-11-05
3078.27,2019-11-04
3066.91,2019-11-01
3037.56,2019-10-31
3046.77,2019-10-30
3036.89,2019-10-29
3039.42,2019-10-28
3022.55,2019-10-25
3010.29,2019-10-24
3004.52,2019-10-23
2995.99,2019-10-22
3006.72,2019-10-21
2986.2,2019-10-18
2997.95,2019-10-17
2989.69,2019-10-16
2995.68,2019-10-15
2966.15,2019-10-14
2970.27,2019-10-11
2938.13,2019-10-10
2919.4,2019-10-09
2893.06,2019-10-08
2938.79,2019-10-07
2952.01,2019-10-04
2910.63,2019-10-03
2887.61,2019-10-02
2940.25,2019-10-01
2976.74,2019-09-30
2961.79,2019-09-27
2977.62,2019-09-26
2984.87,2019-09-25
2966.6,2019-09-24
2991.78,2019-09-23
2992.07,2019-09-20
3006.79,2019-09-19
3006.73,2019-09-18
3005.7,2019-09-17
2997.96,2019-09-16
3007.39,2019-09-13
3009.57,2019-09-12
3000.93,2019-09-11
2979.39,2019-09-10
2978.43,2019-09-09
2978.71,2019-09-06
2976.0,2019-09-05
2937.78,2019-09-04
2906.27,2019-09-03
2926.46,2019-08-30
2924.58,2019-08-29
2887.94,2019-08-28
2869.16,2019-08-27
2878.38,2019-08-26
2847.11,2019-08-23
2922.95,2019-08-22
2924.43,2019-08-21
2900.51,2019-08-20
2923.65,2019-08-19
2888.68,2019-08-16
2847.6,2019-08-15
2840.6,2019-08-14
2926.32,2019-08-13
2883.09,2019-08-12
2918.65,2019-08-09
2938.09,2019-08-08
2883.98,2019-08-07
2881.77,2019-08-06
2844.74,2019-08-05
2932.05,2019-08-02
2953.56,2019-08-01
2980.38,2019-07-31
3013.18,2019-07-30
3020.97,2019-07-29
3025.86,2019-07-26
3003.67,2019-07-25
3019.56,2019-07-24
3005.47,2019-07-23
2985.03,2019-07-22
2976.61,2019-07-19
2995.11,2019-07-18
2984.42,2019-07-17
3004.04,2019-07-16
3014.3,2019-07-15
3013.77,2019-07-12
2999.91,2019-07-11
2993.07,2019-07-10
2979.63,2019-07-09
2975.95,2019-07-08
2990.41,2019-07-05
2995.82,2019-07-03
2973.01,2019-07-02
2964.33,2019-07-01
2941.76,2019-06-28
2924.92,2019-06-27
2913.78,2019-06-26
2917.38,2019-06-25
2945.35,2019-06-24
2950.46,2019-06-21
2954.18,2019-06-20
2926.46,2019-06-19
2917.75,2019-06-18
2889.67,2019-06-17
2886.98,2019-06-14
2891.64,2019-06-13
2879.84,2019-06-12
2885.72,2019-06-11
2886.73,2019-06-10
2873.34,2019-06-07
2843.49,2019-06-06
2826.15,2019-06-05
2803.27,2019-06-04
2744.45,2019-06-03
2752.06,2019-05-31
2788.86,2019-05-30
2783.02,2019-05-29
2802.39,2019-05-28
2826.06,2019-05-24
2822.24,2019-05-23
2856.27,2019-05-22
2864.36,2019-05-21
2840.23,2019-05-20
2859.53,2019-05-17
2876.32,2019-05-16
2850.96,2019-05-15
2834.41,2019-05-14
2811.87,2019-05-13
2881.4,2019-05-10
2870.72,2019-05-09
2879.42,2019-05-08
2884.05,2019-05-07
2932.47,2019-05-06
2945.64,2019-05-03
2917.52,2019-05-02
2923.73,2019-05-01
2945.83,2019-04-30
2943.03,2019-04-29
2939.88,2019-04-26
2926.17,2019-04-25
2927.25,2019-04-24
2933.68,2019-04-23
2907.97,2019-04-22
2905.03,2019-04-18
2900.45,2019-04-17
2907.06,2019-04-16
2905.58,2019-04-15
2907.41,2019-04-12
2888.32,2019-04-11
2888.21,2019-04-10
2878.2,2019-04-09
2895.77,2019-04-08
2892.74,2019-04-05
2879.39,2019-04-04
2873.4,2019-04-03
2867.24,2019-04-02
2867.19,2019-04-01
2834.4,2019-03-29
2815.44,2019-03-28
2805.37,2019-03-27
2818.46,2019-03-26
2798.36,2019-03-25
2800.71,2019-03-22
2854.88,2019-03-21
2824.23,2019-03-20
2832.57,2019-03-19
2832.94,2019-03-18
2822.48,2019-03-15
2808.48,2019-03-14
2810.92,2019-03-13
2791.52,2019-03-12
2783.3,2019-03-11
2743.07,2019-03-08
2748.93,2019-03-07
2771.45,2019-03-06
2789.65,2019-03-05
2792.81,2019-03-04
2803.69,2019-03-01
2784.49,2019-02-28
2792.38,2019-02-27
2793.9,2019-02-26
2796.11,2019-02-25
2792.67,2019-02-22
2774.88,2019-02-21
2784.7,2019-02-20
2779.76,2019-02-19
2775.6,2019-02-15
2745.73,2019-02-14
2753.03,2019-02-13
2744.73,2019-02-12
2709.8,2019-02-11
2707.88,2019-02-08
2706.05,2019-02-07
2731.61,2019-02-06
2737.7,2019-02-05
2724.87,2019-02-04
2706.53,2019-02-01
2704.1,2019-01-31
2681.05,2019-01-30
2640.0,2019-01-29
2643.85,2019-01-28
2664.76,2019-01-25
2642.33,2019-01-24
2638.7,2019-01-23
2632.9,2019-01-22
2670.71,2019-01-18
2635.96,2019-01-17
2616.1,2019-01-16
2610.3,2019-01-15
2582.61,2019-01-14
2596.26,2019-01-11
2596.64,2019-01-10
2584.96,2019-01-09
2574.41,2019-01-08
2549.69,2019-01-07
2531.94,2019-01-04
2447.89,2019-01-03
2510.03,2019-01-02
2506.85,2018-12-31
2485.74,2018-12-28
2488.83,2018-12-27
2467.7,2018-12-26
2351.1,2018-12-24
2416.62,2018-12-21
2467.42,2018-12-20
2506.96,2018-12-19
2546.16,2018-12-18
2545.94,2018-12-17
2599.95,2018-12-14
2650.54,2018-12-13
2651.07,2018-12-12
2636.78,2018-12-11
2637.72,2018-12-10
2633.08,2018-12-07
2695.95,2018-12-06
2700.06,2018-12-04
2790.37,2018-12-03
2760.17,2018-11-30
2737.76,2018-11-29
2743.79,2018-11-28
2682.17,2018-11-27
2673.45,2018-11-26
2632.56,2018-11-23
2649.93,2018-11-21
2641.89,2018-11-20
2690.73,2018-11-19
2736.27,2018-11-16
2730.2,2018-11-15
2701.58,2018-11-14
2722.18,2018-11-13
2726.22,2018-11-12
2781.01,2018-11-09
2806.83,2018-11-08
2813.89,2018-11-07
2755.45,2018-11-06
2738.31,2018-11-05
2723.06,2018-11-02
2740.37,2018-11-01
2711.74,2018-10-31
2682.63,2018-10-30
2641.25,2018-10-29
2658.69,2018-10-26
2705.57,2018-10-25
2656.1,2018-10-24
2740.69,2018-10-23
2755.88,2018-10-22
2767.78,2018-10-19
2768.78,2018-10-18
2809.21,2018-10-17
2809.92,2018-10-16
2750.79,2018-10-15
2767.13,2018-10-12
2728.37,2018-10-11
2785.68,2018-10-10
2880.34,2018-10-09
2884.43,2018-10-08
2885.57,2018-10-05
2901.61,2018-10-04
2925.51,2018-10-03
2923.43,2018-10-02
2924.59,2018-10-01
2913.98,2018-09-28
2914.0,2018-09-27
2905.97,2018-09-26
2915.56,2018-09-25
2919.37,2018-09-24
2929.67,2018-09-21
2930.75,2018-09-20
2907.95,2018-09-19
2904.31,2018-09-18
2888.8,2018-09-17
2904.98,2018-09-14
2904.18,2018-09-13
2888.92,2018-09-12
2887.89,2018-09-11
2877.13,2018-09-10
2871.68,2018-09-07
2878.05,2018-09-06
2888.6,2018-09-05
2896.72,2018-09-04
2901.52,2018-08-31
2901.13,2018-08-30
2914.04,2018-08-29
2897.52,2018-08-28
2896.74,2018-08-27
2874.69,2018-08-24
2856.98,2018-08-23
2861.82,2018-08-22
2862.96,2018-08-21
2857.05,2018-08-20
2850.13,2018-08-17
2840.69,2018-08-16
2818.37,2018-08-15
2839.96,2018-08-14
2821.93,2018-08-13
2833.28,2018-08-10
2853.58,2018-08-09
2857.7,2018-08-08
2858.45,2018-08-07
2850.4,2018-08-06
2840.35,2018-08-03
2827.22,2018-08-02
2813.36,2018-08-01
2816.29,2018-07-31
2802.6,2018-07-30
2818.82,2018-07-27
2837.44,2018-07-26
2846.07,2018-07-25
2820.4,2018-07-24
2806.98,2018-07-23
2801.83,2018-07-20
2804.49,2018-07-19
2815.62,2018-07-18
2809.55,2018-07-17
2798.43,2018-07-16
2801.31,2018-07-13
2798.29,2018-07-12
2774.02,2018-07-11
2793.84,2018-07-10
2784.17,2018-07-09
2759.82,2018-07-06
2736.61,2018-07-05
2713.22,2018-07-03
2726.71,2018-07-02
2718.37,2018-06-29
2716.31,2018-06-28
2699.63,2018-06-27
2723.06,2018-06-26
2717.07,2018-06-25
2754.88,2018-06-22
2749.76,2018-06-21
2767.32,2018-06-20
2762.59,2018-06-19
2773.75,2018-06-18
2779.66,2018-06-15
2782.49,2018-06-14
2775.63,2018-06-13
2786.85,2018-06-12
2782.0,2018-06-11
2779.03,2018-06-08
2770.37,2018-06-07
2772.35,2018-06-06
2748.8,2018-06-05
2746.87,2018-06-04
2734.62,2018-06-01
2705.27,2018-05-31
2724.01,2018-05-30
2689.86,2018-05-29
2721.33,2018-05-25
2727.76,2018-05-24
2733.29,2018-05-23
2724.44,2018-05-22
2733.01,2018-05-21
2712.97,2018-05-18
2720.13,2018-05-17
2722.46,2018-05-16
2711.45,2018-05-15
2730.13,2018-05-14
2727.72,2018-05-11
2723.07,2018-05-10
2697.79,2018-05-09
2671.92,2018-05-08
2672.63,2018-05-07
2663.42,2018-05-04
2629.73,2018-05-03
2635.67,2018-05-02
2654.8,2018-05-01
2648.05,2018-04-30
2669.91,2018-04-27
2666.94,2018-04-26
2639.4,2018-04-25
2634.56,2018-04-24
2670.29,2018-04-23
2670.14,2018-04-20
2693.13,2018-04-19
2708.64,2018-04-18
2706.39,2018-04-17
2677.84,2018-04-16
2656.3,2018-04-13
2663.99,2018-04-12
2642.19,2018-04-11
2656.87,2018-04-10
2613.16,2018-04-09
2604.47,2018-04-06
2662.84,2018-04-05
2644.69,2018-04-04
2614.45,2018-04-03
2581.88,2018-04-02
2640.87,2018-03-29
2605.0,2018-03-28
2612.62,2018-03-27
2658.55,2018-03-26
2588.26,2018-03-23
2643.69,2018-03-22
2711.93,2018-03-21
2716.94,2018-03-20
2712.92,2018-03-19
2752.01,2018-03-16
2747.33,2018-03-15
2749.48,2018-03-14
2765.31,2018-03-13
2783.02,2018-03-12
2786.57,2018-03-09
2738.97,2018-03-08
2726.8,2018-03-07
2728.12,2018-03-06
2720.94,2018-03-05
2691.25,2018-03-02
2677.67,2018-03-01
2713.83,2018-02-28
2744.28,2018-02-27
2779.6,2018-02-26
2747.3,2018-02-23
2703.96,2018-02-22
2701.33,2018-02-21
2716.26,2018-02-20
2732.22,2018-02-16
2731.2,2018-02-15
2698.63,2018-02-14
2662.94,2018-02-13
2656.0,2018-02-12
2619.55,2018-02-09
2581.0,2018-02-08
2681.66,2018-02-07
2695.14,2018-02-06
2648.94,2018-02-05
2762.13,2018-02-02
2821.98,2018-02-01
2823.81,2018-01-31
2822.43,2018-01-30
2853.53,2018-01-29
2872.87,2018-01-26
2839.25,2018-01-25
2837.54,2018-01-24
2839.13,2018-01-23
2832.97,2018-01-22
2810.3,2018-01-19
2798.03,2018-01-18
2802.56,2018-01-17
2776.42,2018-01-16
2786.24,2018-01-12
2767.56,2018-01-11
2748.23,2018-01-10
2751.29,2018-01-09
2747.71,2018-01-08
2743.15,2018-01-05
2723.99,2018-01-04
2713.06,2018-01-03
2695.81,2018-01-02
2673.61,2017-12-29
2687.54,2017-12-28
2682.62,2017-12-27
2680.5,2017-12-26
2683.34,2017-12-22
2684.57,2017-12-21
2679.25,2017-12-20
2681.47,2017-12-19
2690.16,2017-12-18
2675.81,2017-12-15
2652.01,2017-12-14
2662.85,2017-12-13
2664.11,2017-12-12
2659.99,2017-12-11
